Producto,Familia,Subfamilia,Filtro/Agrupacion por categoría
Jalea de Membrillo,Mermeladas,,Mermeladas y Jaleas
Mermelada de Durazno,Mermeladas,,Mermeladas y Jaleas
Mermelada de Frutilla,Mermeladas,,Mermeladas y Jaleas
Mermelada de Ciruela,Mermeladas,,Mermeladas y Jaleas
Mermelada de Naranja,Mermeladas,,Mermeladas y Jaleas
Mermelada de Damazco,Mermeladas,,Mermeladas y Jaleas
Mermelada de Frambuesa,Mermeladas,,Mermeladas y Jaleas
Mermelada de Arándano,Mermeladas,,Mermeladas y Jaleas
Pulpa de Tomate,Conserva de Tomates,Puré de Tomates,Conservas de Tomate
Puré de Tomate,Conserva de Tomates,Puré de Tomates,Conservas de Tomate
Tomate Cubeteado,Conserva de Tomates,Tomate,Conservas de Tomate
Tomate Pelado Perita Entero,Conserva de Tomates,Tomate,Conservas de Tomate
Extracto de Tomate Triple,Conserva de Tomates,Extracto de Tomate,Conservas de Tomate
Salsa Pomarola,Salsas Listas,,Salsas Listas
Salsa Portuguesa,Salsas Listas,,Salsas Listas
Salsa Pizza,Salsas Listas,,Salsas Listas
Salsa Filetto,Salsas Listas,,Salsas Listas
Salsa Italiana LC,Salsas Listas,,Salsas Listas
Arvejas Frescas,Arvejas,,Legumbres y Hortalizas
Arvejas Secas,Arvejas,,Legumbres y Hortalizas
Granos de Choclo Amarillo Entero,Choclos,,Legumbres y Hortalizas
Choclo Amarillo Cremoso,Choclos,,Legumbres y Hortalizas
Jardinera con Choclo,Jardineras,,Legumbres y Hortalizas
Jardinera,Jardineras,,Legumbres y Hortalizas
Lentejas,Lentejas,,Legumbres y Hortalizas
Porotos Alubias,Porotos Alubias,,Legumbres y Hortalizas
Garbanzo,Garbanzos,,Legumbres y Hortalizas
Atún Aceite,Atún,,Pescados
Atún Natural,Atún,,Pescados
Atún Aceite de Oliva,Atún,,Pescados
Atún Salsa de Tomate,Atún,,Pescados
Atún Pouch Aceite,Atún,,Pescados
Atún Pouch Natural,Atún,,Pescados
Aceite y Agua,Caballa,,Pescados
Caballa Natural,Caballa,,Pescados
Caballa Tomate,Caballa,,Pescados
Ketchup Doy Pack,Aderezos,,Aderezos
Ketchup Picante Doy Pack,Aderezos,,Aderezos
Orégano,Hierbas y Especias,Especias,Hierbas y Especias
Provenzal,Hierbas y Especias,Especias,Hierbas y Especias
Tomillo,Hierbas y Especias,Especias,Hierbas y Especias
Pimentón,Hierbas y Especias,Condimentos,Hierbas y Especias
Ají Triturado,Hierbas y Especias,Condimentos,Hierbas y Especias
Pimenta Negra,Hierbas y Especias,Condimentos,Hierbas y Especias
Pimienta Blanca,Hierbas y Especias,Condimentos,Hierbas y Especias
Ajo,Hierbas y Especias,Condimentos,Hierbas y Especias
Comino,Hierbas y Especias,Condimentos,Hierbas y Especias
Nuez Moscada,Hierbas y Especias,Condimentos,Hierbas y Especias
Mix para Carnes,Hierbas y Especias,Mixes,Hierbas y Especias
Chimichurri,Hierbas y Especias,Mixes,Hierbas y Especias
Adobo para Pizza,Hierbas y Especias,Mixes,Hierbas y Especias
Mix para Arroz,Hierbas y Especias,Mixes,Hierbas y Especias
Pimienta Negra,Hierbas y Especias,Mixes,Hierbas y Especias
Mix de Pimienta,Hierbas y Especias,Mixes,Hierbas y Especias
Salad,Hierbas y Especias,Mixes,Hierbas y Especias
Wok,Hierbas y Especias,Mixes,Hierbas y Especias
